{
  "P17": {
    "f1": 0.7078344166951762,
    "precision": 0.6665592783505154,
    "recall": 0.7545587162654996,
    "total_pred": 3104,
    "total_true": 2742,
    "correct": 2069
  },
  "P159": {
    "f1": 0.43589743589743585,
    "precision": 0.4857142857142857,
    "recall": 0.3953488372093023,
    "total_pred": 70,
    "total_true": 86,
    "correct": 34
  },
  "P127": {
    "f1": 0.3300970873786408,
    "precision": 0.6296296296296297,
    "recall": 0.2236842105263158,
    "total_pred": 27,
    "total_true": 76,
    "correct": 17
  },
  "P131": {
    "f1": 0.5883319638455218,
    "precision": 0.5966666666666667,
    "recall": 0.580226904376013,
    "total_pred": 1200,
    "total_true": 1234,
    "correct": 716
  },
  "P150": {
    "f1": 0.6830092983939138,
    "precision": 0.6953528399311532,
    "recall": 0.6710963455149501,
    "total_pred": 581,
    "total_true": 602,
    "correct": 404
  },
  "P27": {
    "f1": 0.6385616862988222,
    "precision": 0.6152927120669056,
    "recall": 0.663659793814433,
    "total_pred": 837,
    "total_true": 776,
    "correct": 515
  },
  "P749": {
    "f1": 0.32000000000000006,
    "precision": 0.8,
    "recall": 0.2,
    "total_pred": 10,
    "total_true": 40,
    "correct": 8
  },
  "P571": {
    "f1": 0.6599326599326599,
    "precision": 0.6758620689655173,
    "recall": 0.6447368421052632,
    "total_pred": 145,
    "total_true": 152,
    "correct": 98
  },
  "P355": {
    "f1": 0.2222222222222222,
    "precision": 0.5714285714285714,
    "recall": 0.13793103448275862,
    "total_pred": 7,
    "total_true": 29,
    "correct": 4
  },
  "P30": {
    "f1": 0.49327354260089684,
    "precision": 0.47413793103448276,
    "recall": 0.514018691588785,
    "total_pred": 116,
    "total_true": 107,
    "correct": 55
  },
  "P108": {
    "f1": 0.3373493975903615,
    "precision": 0.4375,
    "recall": 0.27450980392156865,
    "total_pred": 32,
    "total_true": 51,
    "correct": 14
  },
  "P361": {
    "f1": 0.4084507042253521,
    "precision": 0.5225225225225225,
    "recall": 0.3352601156069364,
    "total_pred": 111,
    "total_true": 173,
    "correct": 58
  },
  "P527": {
    "f1": 0.4052287581699347,
    "precision": 0.4732824427480916,
    "recall": 0.35428571428571426,
    "total_pred": 131,
    "total_true": 175,
    "correct": 62
  },
  "P264": {
    "f1": 0.6535087719298246,
    "precision": 0.680365296803653,
    "recall": 0.6286919831223629,
    "total_pred": 219,
    "total_true": 237,
    "correct": 149
  },
  "P175": {
    "f1": 0.7609022556390977,
    "precision": 0.7597597597597597,
    "recall": 0.7620481927710844,
    "total_pred": 333,
    "total_true": 332,
    "correct": 253
  },
  "P577": {
    "f1": 0.7883917775090689,
    "precision": 0.7743467933491687,
    "recall": 0.8029556650246306,
    "total_pred": 421,
    "total_true": 406,
    "correct": 326
  },
  "P19": {
    "f1": 0.8208955223880597,
    "precision": 0.8461538461538461,
    "recall": 0.7971014492753623,
    "total_pred": 130,
    "total_true": 138,
    "correct": 110
  },
  "P69": {
    "f1": 0.7368421052631579,
    "precision": 0.6363636363636364,
    "recall": 0.875,
    "total_pred": 121,
    "total_true": 88,
    "correct": 77
  },
  "P569": {
    "f1": 0.9235382308845578,
    "precision": 0.8850574712643678,
    "recall": 0.9655172413793104,
    "total_pred": 348,
    "total_true": 319,
    "correct": 308
  },
  "P570": {
    "f1": 0.879492600422833,
    "precision": 0.8455284552845529,
    "recall": 0.9162995594713657,
    "total_pred": 246,
    "total_true": 227,
    "correct": 208
  },
  "P495": {
    "f1": 0.3609467455621302,
    "precision": 0.46923076923076923,
    "recall": 0.2932692307692308,
    "total_pred": 130,
    "total_true": 208,
    "correct": 61
  },
  "P176": {
    "f1": 0.507936507936508,
    "precision": 0.6956521739130435,
    "recall": 0.4,
    "total_pred": 23,
    "total_true": 40,
    "correct": 16
  },
  "P179": {
    "f1": 0.5585585585585586,
    "precision": 0.6458333333333334,
    "recall": 0.49206349206349204,
    "total_pred": 48,
    "total_true": 63,
    "correct": 31
  },
  "P36": {
    "f1": 0.5106382978723405,
    "precision": 0.6,
    "recall": 0.4444444444444444,
    "total_pred": 20,
    "total_true": 27,
    "correct": 12
  },
  "P172": {
    "f1": 0.04761904761904762,
    "precision": 0.07692307692307693,
    "recall": 0.034482758620689655,
    "total_pred": 13,
    "total_true": 29,
    "correct": 1
  },
  "P1376": {
    "f1": 0.5,
    "precision": 0.5263157894736842,
    "recall": 0.47619047619047616,
    "total_pred": 19,
    "total_true": 21,
    "correct": 10
  },
  "P37": {
    "f1": 0.15873015873015872,
    "precision": 0.3125,
    "recall": 0.10638297872340426,
    "total_pred": 16,
    "total_true": 47,
    "correct": 5
  },
  "P162": {
    "f1": 0.13114754098360654,
    "precision": 0.36363636363636365,
    "recall": 0.08,
    "total_pred": 11,
    "total_true": 50,
    "correct": 4
  },
  "P1001": {
    "f1": 0.5764705882352941,
    "precision": 0.5444444444444444,
    "recall": 0.6125,
    "total_pred": 90,
    "total_true": 80,
    "correct": 49
  },
  "P194": {
    "f1": 0.6226415094339622,
    "precision": 0.66,
    "recall": 0.5892857142857143,
    "total_pred": 50,
    "total_true": 56,
    "correct": 33
  },
  "P607": {
    "f1": 0.6037735849056604,
    "precision": 0.5517241379310345,
    "recall": 0.6666666666666666,
    "total_pred": 58,
    "total_true": 48,
    "correct": 32
  },
  "P1336": {
    "f1": 0.125,
    "precision": 0.16666666666666666,
    "recall": 0.1,
    "total_pred": 6,
    "total_true": 10,
    "correct": 1
  },
  "P102": {
    "f1": 0.7236180904522613,
    "precision": 0.6923076923076923,
    "recall": 0.7578947368421053,
    "total_pred": 104,
    "total_true": 95,
    "correct": 72
  },
  "P20": {
    "f1": 0.7207207207207207,
    "precision": 0.6557377049180327,
    "recall": 0.8,
    "total_pred": 61,
    "total_true": 50,
    "correct": 40
  },
  "P463": {
    "f1": 0.36893203883495146,
    "precision": 0.40860215053763443,
    "recall": 0.336283185840708,
    "total_pred": 93,
    "total_true": 113,
    "correct": 38
  },
  "P576": {
    "f1": 0.17857142857142858,
    "precision": 0.29411764705882354,
    "recall": 0.1282051282051282,
    "total_pred": 17,
    "total_true": 39,
    "correct": 5
  },
  "P206": {
    "f1": 0.4172661870503598,
    "precision": 0.5178571428571429,
    "recall": 0.3493975903614458,
    "total_pred": 56,
    "total_true": 83,
    "correct": 29
  },
  "P39": {
    "f1": 0,
    "precision": 0,
    "recall": 0.0,
    "total_pred": 0,
    "total_true": 8,
    "correct": 0
  },
  "P161": {
    "f1": 0.7318087318087317,
    "precision": 0.6901960784313725,
    "recall": 0.7787610619469026,
    "total_pred": 255,
    "total_true": 226,
    "correct": 176
  },
  "P54": {
    "f1": 0.7186629526462396,
    "precision": 0.6683937823834197,
    "recall": 0.7771084337349398,
    "total_pred": 193,
    "total_true": 166,
    "correct": 129
  },
  "P118": {
    "f1": 0.5833333333333334,
    "precision": 0.546875,
    "recall": 0.625,
    "total_pred": 64,
    "total_true": 56,
    "correct": 35
  },
  "P205": {
    "f1": 0.4415584415584416,
    "precision": 0.37777777777777777,
    "recall": 0.53125,
    "total_pred": 45,
    "total_true": 32,
    "correct": 17
  },
  "P276": {
    "f1": 0.27906976744186046,
    "precision": 0.5714285714285714,
    "recall": 0.18461538461538463,
    "total_pred": 21,
    "total_true": 65,
    "correct": 12
  },
  "P551": {
    "f1": 0,
    "precision": 0,
    "recall": 0.0,
    "total_pred": 0,
    "total_true": 4,
    "correct": 0
  },
  "P937": {
    "f1": 0.23529411764705885,
    "precision": 0.3333333333333333,
    "recall": 0.18181818181818182,
    "total_pred": 12,
    "total_true": 22,
    "correct": 4
  },
  "P26": {
    "f1": 0.4277456647398844,
    "precision": 0.4065934065934066,
    "recall": 0.45121951219512196,
    "total_pred": 91,
    "total_true": 82,