{"P17": {"f1": 0.6891864057672503, "precision": 0.6657381615598886, "recall": 0.7143467122117848, "total_pred": 2513, "total_true": 2342, "correct": 1673}, "P159": {"f1": 0.42105263157894735, "precision": 0.5185185185185185, "recall": 0.35443037974683544, "total_pred": 54, "total_true": 79, "correct": 28}, "P127": {"f1": 0.29213483146067415, "precision": 0.7647058823529411, "recall": 0.18055555555555555, "total_pred": 17, "total_true": 72, "correct": 13}, "P131": {"f1": 0.5856727976766699, "precision": 0.599603567888999, "recall": 0.5723746452223274, "total_pred": 1009, "total_true": 1057, "correct": 605}, "P150": {"f1": 0.6505324298160697, "precision": 0.6486486486486487, "recall": 0.6524271844660194, "total_pred": 518, "total_true": 515, "correct": 336}, "P27": {"f1": 0.6013771996939556, "precision": 0.608359133126935, "recall": 0.594553706505295, "total_pred": 646, "total_true": 661, "correct": 393}, "P749": {"f1": 0.1951219512195122, "precision": 1.0, "recall": 0.10810810810810811, "total_pred": 4, "total_true": 37, "correct": 4}, "P571": {"f1": 0.6363636363636365, "precision": 0.6470588235294118, "recall": 0.6260162601626016, "total_pred": 119, "total_true": 123, "correct": 77}, "P355": {"f1": 0.06666666666666667, "precision": 0.3333333333333333, "recall": 0.037037037037037035, "total_pred": 3, "total_true": 27, "correct": 1}, "P30": {"f1": 0.4845360824742268, "precision": 0.4895833333333333, "recall": 0.47959183673469385, "total_pred": 96, "total_true": 98, "correct": 47}, "P108": {"f1": 0.40963855421686746, "precision": 0.4722222222222222, "recall": 0.3617021276595745, "total_pred": 36, "total_true": 47, "correct": 17}, "P361": {"f1": 0.3921568627450981, "precision": 0.5555555555555556, "recall": 0.30303030303030304, "total_pred": 90, "total_true": 165, "correct": 50}, "P527": {"f1": 0.37857142857142856, "precision": 0.4108527131782946, "recall": 0.3509933774834437, "total_pred": 129, "total_true": 151, "correct": 53}, "P264": {"f1": 0.6307692307692307, "precision": 0.6648648648648648, "recall": 0.6, "total_pred": 185, "total_true": 205, "correct": 123}, "P175": {"f1": 0.7553516819571866, "precision": 0.7484848484848485, "recall": 0.7623456790123457, "total_pred": 330, "total_true": 324, "correct": 247}, "P577": {"f1": 0.7634408602150538, "precision": 0.7675675675675676, "recall": 0.7593582887700535, "total_pred": 370, "total_true": 374, "correct": 284}, "P19": {"f1": 0.8195488721804511, "precision": 0.8257575757575758, "recall": 0.8134328358208955, "total_pred": 132, "total_true": 134, "correct": 109}, "P69": {"f1": 0.7835051546391752, "precision": 0.7102803738317757, "recall": 0.8735632183908046, "total_pred": 107, "total_true": 87, "correct": 76}, "P569": {"f1": 0.9093851132686084, "precision": 0.878125, "recall": 0.9429530201342282, "total_pred": 320, "total_true": 298, "correct": 281}, "P570": {"f1": 0.8606356968215159, "precision": 0.8712871287128713, "recall": 0.8502415458937198, "total_pred": 202, "total_true": 207, "correct": 176}, "P495": {"f1": 0.2857142857142857, "precision": 0.4157303370786517, "recall": 0.21764705882352942, "total_pred": 89, "total_true": 170, "correct": 37}, "P162": {"f1": 0.1846153846153846, "precision": 0.3157894736842105, "recall": 0.13043478260869565, "total_pred": 19, "total_true": 46, "correct": 6}, "P1001": {"f1": 0.5714285714285715, "precision": 0.5526315789473685, "recall": 0.5915492957746479, "total_pred": 76, "total_true": 71, "correct": 42}, "P194": {"f1": 0.5977011494252873, "precision": 0.6190476190476191, "recall": 0.5777777777777777, "total_pred": 42, "total_true": 45, "correct": 26}, "P172": {"f1": 0, "precision": 0.0, "recall": 0.0, "total_pred": 11, "total_true": 22, "correct": 0}, "P1336": {"f1": 0.13333333333333333, "precision": 0.2, "recall": 0.1, "total_pred": 5, "total_true": 10, "correct": 1}, "P102": {"f1": 0.6956521739130435, "precision": 0.6037735849056604, "recall": 0.8205128205128205, "total_pred": 106, "total_true": 78, "correct": 64}, "P20": {"f1": 0.7368421052631579, "precision": 0.7291666666666666, "recall": 0.7446808510638298, "total_pred": 48, "total_true": 47, "correct": 35}, "P463": {"f1": 0.3882352941176471, "precision": 0.4342105263157895, "recall": 0.35106382978723405, "total_pred": 76, "total_true": 94, "correct": 33}, "P576": {"f1": 0.11764705882352941, "precision": 0.3333333333333333, "recall": 0.07142857142857142, "total_pred": 6, "total_true": 28, "correct": 2}, "P206": {"f1": 0.32478632478632474, "precision": 0.4318181818181818, "recall": 0.2602739726027397, "total_pred": 44, "total_true": 73, "correct": 19}, "P39": {"f1": 0, "precision": 0, "recall": 0.0, "total_pred": 0, "total_true": 5, "correct": 0}, "P161": {"f1": 0.7361419068736141, "precision": 0.7155172413793104, "recall": 0.7579908675799086, "total_pred": 232, "total_true": 219, "correct": 166}, "P54": {"f1": 0.7349397590361445, "precision": 0.7349397590361446, "recall": 0.7349397590361446, "total_pred": 166, "total_true": 166, "correct": 122}, "P118": {"f1": 0.5849056603773586, "precision": 0.62, "recall": 0.5535714285714286, "total_pred": 50, "total_true": 56, "correct": 31}, "P205": {"f1": 0.4262295081967213, "precision": 0.41935483870967744, "recall": 0.43333333333333335, "total_pred": 31, "total_true": 30, "correct": 13}, "P37": {"f1": 0.15384615384615383, "precision": 0.20833333333333334, "recall": 0.12195121951219512, "total_pred": 24, "total_true": 41, "correct": 5}, "P276": {"f1": 0.30952380952380953, "precision": 0.5416666666666666, "recall": 0.21666666666666667, "total_pred": 24, "total_true": 60, "correct": 13}, "P551": {"f1": 0, "precision": 0.0, "recall": 0.0, "total_pred": 1, "total_true": 4, "correct": 0}, "P937": {"f1": 0, "precision": 0.0, "recall": 0.0, "total_pred": 1, "total_true": 19, "correct": 0}, "P26": {"f1": 0.42990654205607476, "precision": 0.5476190476190477, "recall": 0.35384615384615387, "total_pred": 42, "total_true": 65, "correct": 23}, "P22": {"f1": 0.4173913043478261, "precision": 0.36923076923076925, "recall": 0.48, "total_pred": 65, "total_true": 50, "correct": 24}, "P40": {"f1": 0.4563758389261745, "precision": 0.4473684210526316, "recall": 0.4657534246575342, "total_pred": 76, "total_true": 73, "correct": 34}, "P86": {"f1": 0.1971830985915493, "precision": 0.5, "recall": 0.12280701754385964, "total_pred": 14, "total_true": 57, "correct": 7}, "P580": {"f1": 0.31578947368421056, "precision": 0.35294117647058826, "recall": 0.2857142857142857, "total_pred": 17, "total_true": 21, "correct": 6}, "P582": {"f1": 0.09523809523809525, "precision": 0.3333333333333333, "recall": 0.05555555555555555, "total_pred": 3, "total_true": 18, "correct": 1}, "P449": {"f1": 0.6461538461538462, "precision": 0.65625, "recall": 0.6363636363636364, "total_pred": 32, "total_true": 33, "correct": 21}, "P1344": {"f1": 0.5714285714285715, "precision": 0.5151515151515151, "recall": 0.6415094339622641, "total_pred": 66, "total_true": 53, "correct": 34}, "P57": {"f1": 0.6753246753246753, "precision": 0.6933333333333334, "recall": 0.6582278481012658, "total_pred": 75, "total_true": 79, "correct": 52}, "P58": {"f1": 0.34146341463414637, "precision": 0.3888888888888889, "recall": 0.30434782608695654, "total_pred": 18, "total_true": 23, "correct": 7}, "P156": {"f1": 0.21538461538461542, "precision": 0.2916666666666667, "recall": 0.17073170731707318, "total_pred": 24, "total_true": 41, "correct": 7}, "P171": {"f1": 0.4117647058823529, "precision": 0.4117647058823529, "recall": 0.4117647058823529, "total_pred": 17, "total_true": 17, "correct": 7}, "P137": {"f1": 0.21052631578947367, "precision": 0.4444444444444444, "recall": 0.13793103448275862, "total_pred": 9, "total_true": 29, "correct": 4}, "P272": {"f1": 0.2380952380952381, "precision": 0.3125, "recall": 0.19230769230769232, "total_pred": 16, "total_true": 26, "correct": 5}, "P3373": {"f1": 0.5463414634146342, "precision": 0.5137614678899083, "recall": 0.5833333333333334, "total_pred": 109, "total_true": 96, "correct": 56},