{"P179": {"f1": 0.6306306306306306, "precision": 0.7291666666666666, "recall": 0.5555555555555556, "total_pred": 48, "total_true": 63, "correct": 35}, "P1376": {"f1": 0.5789473684210527, "precision": 0.6470588235294118, "recall": 0.5238095238095238, "total_pred": 17, "total_true": 21, "correct": 11}, "P241": {"f1": 0.6739130434782609, "precision": 0.62, "recall": 0.7380952380952381, "total_pred": 50, "total_true": 42, "correct": 31}, "P35": {"f1": 0.5517241379310345, "precision": 0.6666666666666666, "recall": 0.47058823529411764, "total_pred": 36, "total_true": 51, "correct": 24}, "P403": {"f1": 0.3142857142857143, "precision": 0.34375, "recall": 0.2894736842105263, "total_pred": 32, "total_true": 38, "correct": 11}, "P112": {"f1": 0.6250000000000001, "precision": 0.7142857142857143, "recall": 0.5555555555555556, "total_pred": 21, "total_true": 27, "correct": 15}}