{
    "P17": {
        "f1": 0.7037786774628879,
        "precision": 0.6735550532773652,
        "recall": 0.7368421052631579,
        "total_pred": 3097,
        "total_true": 2831,
        "correct": 2086
    },
    "P159": {
        "f1": 0.4335664335664336,
        "precision": 0.543859649122807,
        "recall": 0.36046511627906974,
        "total_pred": 57,
        "total_true": 86,
        "correct": 31
    },
    "P127": {
        "f1": 0.24742268041237112,
        "precision": 0.5714285714285714,
        "recall": 0.15789473684210525,
        "total_pred": 21,
        "total_true": 76,
        "correct": 12
    },
    "P131": {
        "f1": 0.5971252566735114,
        "precision": 0.6135021097046414,
        "recall": 0.5816,
        "total_pred": 1185,
        "total_true": 1250,
        "correct": 727
    },
    "P150": {
        "f1": 0.6709573612228479,
        "precision": 0.6672,
        "recall": 0.6747572815533981,
        "total_pred": 625,
        "total_true": 618,
        "correct": 417
    },
    "P27": {
        "f1": 0.6419001218026796,
        "precision": 0.63189448441247,
        "recall": 0.6522277227722773,
        "total_pred": 834,
        "total_true": 808,
        "correct": 527
    },
    "P749": {
        "f1": 0.18181818181818182,
        "precision": 1.0,
        "recall": 0.1,
        "total_pred": 4,
        "total_true": 40,
        "correct": 4
    },
    "P571": {
        "f1": 0.6204620462046205,
        "precision": 0.6308724832214765,
        "recall": 0.6103896103896104,
        "total_pred": 149,
        "total_true": 154,
        "correct": 94
    },
    "P355": {
        "f1": 0.11764705882352941,
        "precision": 0.5,
        "recall": 0.06666666666666667,
        "total_pred": 4,
        "total_true": 30,
        "correct": 2
    },
    "P30": {
        "f1": 0.5394190871369294,
        "precision": 0.5416666666666666,
        "recall": 0.5371900826446281,
        "total_pred": 120,
        "total_true": 121,
        "correct": 65
    },
    "P108": {
        "f1": 0.32989690721649484,
        "precision": 0.37209302325581395,
        "recall": 0.2962962962962963,
        "total_pred": 43,
        "total_true": 54,
        "correct": 16
    },
    "P361": {
        "f1": 0.4078947368421052,
        "precision": 0.5636363636363636,
        "recall": 0.31958762886597936,
        "total_pred": 110,
        "total_true": 194,
        "correct": 62
    },
    "P527": {
        "f1": 0.4012345679012345,
        "precision": 0.4421768707482993,
        "recall": 0.3672316384180791,
        "total_pred": 147,
        "total_true": 177,
        "correct": 65
    },
    "P264": {
        "f1": 0.6504424778761062,
        "precision": 0.6837209302325581,
        "recall": 0.620253164556962,
        "total_pred": 215,
        "total_true": 237,
        "correct": 147
    },
    "P175": {
        "f1": 0.7701492537313432,
        "precision": 0.7633136094674556,
        "recall": 0.7771084337349398,
        "total_pred": 338,
        "total_true": 332,
        "correct": 258
    },
    "P577": {
        "f1": 0.7775,
        "precision": 0.7893401015228426,
        "recall": 0.7660098522167488,
        "total_pred": 394,
        "total_true": 406,
        "correct": 311
    },
    "P19": {
        "f1": 0.8197879858657243,
        "precision": 0.8467153284671532,
        "recall": 0.7945205479452054,
        "total_pred": 137,
        "total_true": 146,
        "correct": 116
    },
    "P69": {
        "f1": 0.7699530516431924,
        "precision": 0.6776859504132231,
        "recall": 0.8913043478260869,
        "total_pred": 121,
        "total_true": 92,
        "correct": 82
    },
    "P569": {
        "f1": 0.9287749287749287,
        "precision": 0.9080779944289693,
        "recall": 0.9504373177842566,
        "total_pred": 359,
        "total_true": 343,
        "correct": 326
    },
    "P570": {
        "f1": 0.8949416342412453,
        "precision": 0.888030888030888,
        "recall": 0.9019607843137255,
        "total_pred": 259,
        "total_true": 255,
        "correct": 230
    },
    "P495": {
        "f1": 0.3205128205128205,
        "precision": 0.5,
        "recall": 0.2358490566037736,
        "total_pred": 100,
        "total_true": 212,
        "correct": 50
    },
    "P176": {
        "f1": 0.4912280701754386,
        "precision": 0.8235294117647058,
        "recall": 0.35,
        "total_pred": 17,
        "total_true": 40,
        "correct": 14
    },
    "P179": {
        "f1": 0.5142857142857143,
        "precision": 0.4675324675324675,
        "recall": 0.5714285714285714,
        "total_pred": 77,
        "total_true": 63,
        "correct": 36
    },
    "P36": {
        "f1": 0.4444444444444445,
        "precision": 0.5555555555555556,
        "recall": 0.37037037037037035,
        "total_pred": 18,
        "total_true": 27,
        "correct": 10
    },
    "P172": {
        "f1": 0,
        "precision": 0.0,
        "recall": 0.0,
        "total_pred": 15,
        "total_true": 30,
        "correct": 0
    },
    "P1376": {
        "f1": 0.17142857142857143,
        "precision": 0.10084033613445378,
        "recall": 0.5714285714285714,
        "total_pred": 119,
        "total_true": 21,
        "correct": 12
    },
    "P37": {
        "f1": 0.15151515151515152,
        "precision": 0.2631578947368421,
        "recall": 0.10638297872340426,
        "total_pred": 19,
        "total_true": 47,
        "correct": 5
    },
    "P241": {
        "f1": 0.515625,
        "precision": 0.38372093023255816,
        "recall": 0.7857142857142857,
        "total_pred": 86,
        "total_true": 42,
        "correct": 33
    },
    "P607": {
        "f1": 0.6017699115044247,
        "precision": 0.6071428571428571,
        "recall": 0.5964912280701754,
        "total_pred": 112,
        "total_true": 114,
        "correct": 68
    },
    "P166": {
        "f1": 0.5,
        "precision": 0.6086956521739131,
        "recall": 0.42424242424242425,
        "total_pred": 46,
        "total_true": 66,
        "correct": 28
    },
    "P137": {
        "f1": 0.2033898305084746,
        "precision": 0.3333333333333333,
        "recall": 0.14634146341463414,
        "total_pred": 18,
        "total_true": 41,
        "correct": 6
    },
    "P580": {
        "f1": 0.2962962962962963,
        "precision": 0.36363636363636365,
        "recall": 0.25,
        "total_pred": 22,
        "total_true": 32,
        "correct": 8
    },
    "P582": {
        "f1": 0.08,
        "precision": 0.5,
        "recall": 0.043478260869565216,
        "total_pred": 2,
        "total_true": 23,
        "correct": 1
    },
    "P585": {
        "f1": 0.5507246376811593,
        "precision": 0.6333333333333333,
        "recall": 0.48717948717948717,
        "total_pred": 30,
        "total_true": 39,
        "correct": 19
    },
    "P162": {
        "f1": 0.13333333333333333,
        "precision": 0.4,
        "recall": 0.08,
        "total_pred": 10,
        "total_true": 50,
        "correct": 4
    },
    "P1001": {
        "f1": 0.584795321637427,
        "precision": 0.5681818181818182,
        "recall": 0.6024096385542169,
        "total_pred": 88,
        "total_true": 83,
        "correct": 50
    },
    "P194": {
        "f1": 0.6037735849056605,
        "precision": 0.64,
        "recall": 0.5714285714285714,
        "total_pred": 50,
        "total_true": 56,
        "correct": 32
    },
    "P1336": {
        "f1": 0.125,
        "precision": 0.16666666666666666,
        "recall": 0.1,
        "total_pred": 6,
        "total_true": 10,
        "correct": 1
    },
    "P102": {
        "f1": 0.7014218009478673,
        "precision": 0.6548672566371682,
        "recall": 0.7551020408163265,
        "total_pred": 113,
        "total_true": 98,
        "correct": 74
    },
    "P20": {
        "f1": 0.7207207207207208,
        "precision": 0.6779661016949152,
        "recall": 0.7692307692307693,