{"P17": {"f1": 0.7115213917983311, "precision": 0.6931857488758215, "recall": 0.7308533916849015, "total_pred": 2891, "total_true": 2742, "correct": 2004}, "P159": {"f1": 0.4444444444444444, "precision": 0.5517241379310345, "recall": 0.37209302325581395, "total_pred": 58, "total_true": 86, "correct": 32}, "P127": {"f1": 0.30476190476190473, "precision": 0.5517241379310345, "recall": 0.21052631578947367, "total_pred": 29, "total_true": 76, "correct": 16}, "P131": {"f1": 0.5819112627986348, "precision": 0.6144144144144145, "recall": 0.5526742301458671, "total_pred": 1110, "total_true": 1234, "correct": 682}, "P150": {"f1": 0.6902502157031924, "precision": 0.718132854578097, "recall": 0.6644518272425249, "total_pred": 557, "total_true": 602, "correct": 400}, "P27": {"f1": 0.6357702349869452, "precision": 0.6441798941798942, "recall": 0.6275773195876289, "total_pred": 756, "total_true": 776, "correct": 487}, "P749": {"f1": 0, "precision": 0.0, "recall": 0.0, "total_pred": 9, "total_true": 40, "correct": 0}, "P571": {"f1": 0.6231884057971016, "precision": 0.6935483870967742, "recall": 0.5657894736842105, "total_pred": 124, "total_true": 152, "correct": 86}, "P355": {"f1": 0, "precision": 0.0, "recall": 0.0, "total_pred": 9, "total_true": 29, "correct": 0}, "P30": {"f1": 0.4952380952380952, "precision": 0.5048543689320388, "recall": 0.48598130841121495, "total_pred": 103, "total_true": 107, "correct": 52}, "P108": {"f1": 0.3, "precision": 0.41379310344827586, "recall": 0.23529411764705882, "total_pred": 29, "total_true": 51, "correct": 12}, "P361": {"f1": 0.40769230769230774, "precision": 0.6091954022988506, "recall": 0.3063583815028902, "total_pred": 87, "total_true": 173, "correct": 53}, "P527": {"f1": 0.3771043771043771, "precision": 0.45901639344262296, "recall": 0.32, "total_pred": 122, "total_true": 175, "correct": 56}, "P264": {"f1": 0.6636363636363637, "precision": 0.7192118226600985, "recall": 0.6160337552742616, "total_pred": 203, "total_true": 237, "correct": 146}, "P175": {"f1": 0.7711213517665132, "precision": 0.786833855799373, "recall": 0.7560240963855421, "total_pred": 319, "total_true": 332, "correct": 251}, "P577": {"f1": 0.7935723114956735, "precision": 0.7965260545905707, "recall": 0.7906403940886699, "total_pred": 403, "total_true": 406, "correct": 321}, "P19": {"f1": 0.8089887640449438, "precision": 0.8372093023255814, "recall": 0.782608695652174, "total_pred": 129, "total_true": 138, "correct": 108}, "P69": {"f1": 0.7562189054726368, "precision": 0.672566371681416, "recall": 0.8636363636363636, "total_pred": 113, "total_true": 88, "correct": 76}, "P569": {"f1": 0.9436834094368342, "precision": 0.9171597633136095, "recall": 0.9717868338557993, "total_pred": 338, "total_true": 319, "correct": 310}, "P570": {"f1": 0.888888888888889, "precision": 0.8630705394190872, "recall": 0.9162995594713657, "total_pred": 241, "total_true": 227, "correct": 208}, "P495": {"f1": 0.3234323432343234, "precision": 0.5157894736842106, "recall": 0.23557692307692307, "total_pred": 95, "total_true": 208, "correct": 49}, "P176": {"f1": 0, "precision": 0.0, "recall": 0.0, "total_pred": 7, "total_true": 40, "correct": 0}, "P179": {"f1": 0.5046728971962617, "precision": 0.6136363636363636, "recall": 0.42857142857142855, "total_pred": 44, "total_true": 63, "correct": 27}, "P36": {"f1": 0, "precision": 0.0, "recall": 0.0, "total_pred": 11, "total_true": 27, "correct": 0}, "P172": {"f1": 0, "precision": 0.0, "recall": 0.0, "total_pred": 35, "total_true": 29, "correct": 0}, "P1376": {"f1": 0, "precision": 0.0, "recall": 0.0, "total_pred": 8, "total_true": 21, "correct": 0}, "P37": {"f1": 0.15151515151515152, "precision": 0.2631578947368421, "recall": 0.10638297872340426, "total_pred": 19, "total_true": 47, "correct": 5}, "P162": {"f1": 0.22580645161290325, "precision": 0.5833333333333334, "recall": 0.14, "total_pred": 12, "total_true": 50, "correct": 7}, "P1001": {"f1": 0.6037735849056604, "precision": 0.6075949367088608, "recall": 0.6, "total_pred": 79, "total_true": 80, "correct": 48}, "P194": {"f1": 0.6538461538461539, "precision": 0.7083333333333334, "recall": 0.6071428571428571, "total_pred": 48, "total_true": 56, "correct": 34}, "P607": {"f1": 0.4666666666666667, "precision": 0.5, "recall": 0.4375, "total_pred": 42, "total_true": 48, "correct": 21}, "P1336": {"f1": 0, "precision": 0.0, "recall": 0.0, "total_pred": 4, "total_true": 10, "correct": 0}, "P102": {"f1": 0.7336683417085427, "precision": 0.7019230769230769, "recall": 0.7684210526315789, "total_pred": 104, "total_true": 95, "correct": 73}, "P20": {"f1": 0.7378640776699028, "precision": 0.7169811320754716, "recall": 0.76, "total_pred": 53, "total_true": 50, "correct": 38}, "P463": {"f1": 0.3351351351351351, "precision": 0.4305555555555556, "recall": 0.2743362831858407, "total_pred": 72, "total_true": 113, "correct": 31}, "P576": {"f1": 0, "precision": 0.0, "recall": 0.0, "total_pred": 4, "total_true": 39, "correct": 0}, "P206": {"f1": 0.380952380952381, "precision": 0.5581395348837209, "recall": 0.2891566265060241, "total_pred": 43, "total_true": 83, "correct": 24}, "P39": {"f1": 0, "precision": 0, "recall": 0.0, "total_pred": 0, "total_true": 8, "correct": 0}, "P161": {"f1": 0.7438752783964366, "precision": 0.7488789237668162, "recall": 0.7389380530973452, "total_pred": 223, "total_true": 226, "correct": 167}, "P54": {"f1": 0.7218934911242604, "precision": 0.7093023255813954, "recall": 0.7349397590361446, "total_pred": 172, "total_true": 166, "correct": 122}, "P118": {"f1": 0.5233644859813085, "precision": 0.5490196078431373, "recall": 0.5, "total_pred": 51, "total_true": 56, "correct": 28}, "P205": {"f1": 0, "precision": 0, "recall": 0.0, "total_pred": 0, "total_true": 32, "correct": 0}, "P276": {"f1": 0.30952380952380953, "precision": 0.6842105263157895, "recall": 0.2, "total_pred": 19, "total_true": 65, "correct": 13}, "P551": {"f1": 0, "precision": 0.0, "recall": 0.0, "total_pred": 3, "total_true": 4, "correct": 0}, "P937": {"f1": 0, "precision": 0.0, "recall": 0.0, "total_pred": 15, "total_true": 22, "correct": 0}, "P26": {"f1": 0.525, "precision": 0.5384615384615384, "recall": 0.5121951219512195, "total_pred": 78, "total_true": 82, "correct": 42}, "P22": {"f1": 0.504201680672269, "precision": 0.4838709677419355, "recall": 0.5263157894736842, "total_pred": 62, "total_true": 57, "correct": 30}, "P40": {"f1": 0.4897959183673469, "precision": 0.5294117647058824, "recall": 0.45569620253164556, "total_pred": 68, "total_true": 79, "correct": 36}, "P86": {"f1": 0, "precision": 0.0, "recall": 0.0, "total_pred": 18, "total_true": 57, "correct": 0}, "P580": {"f1": 0, "precision": 0.0, "recall": 0.0, "total_pred": 10, "total_true": 29, "correct": 0}, "P582": {"f1": 0, "precision": 0.0, "recall": 0.0, "total_pred": 7, "total_true": 20, "correct": 0}, "P449": {"f1": 0.5753424657534247, "precision": 0.6176470588235294, "recall": 0.5384615384615384, "total_pred": 34, "total_true": 39, "correct": 21}, "P1344": {"f1": 0.6, "precision": 0.5892857142857143, "recall": 0.6111111111111112, "total_pred": 56, "total_true": 54, "correct": 33}, "P57": {"f1": 0.7514450867052022, "precision": 0.7831325301204819, "recall": 0.7222222222222222, "total_pred": 83, "total_true": 90, "correct": 65}, "P58": {"f1": 0.48275862068965525, "precision": 0.6086956521739131, "recall": 0.4, "total_pred": 23, "total_true": 35, "correct": 14}, "P156": {"f1": 0.13114754098360654, "precision": 0.3333333333333333, "recall": 0.08163265306122448, "total_pred": 12, "total_true": 49, "correct": 4}, "P171": {"f1": 0, "precision": 0.0, "recall": 0.0, "total_pred": 13, "total_true": 17, "correct": 0}, "P137": {"f1": 0, "precision": 0.0, "recall": 0.0, "total_pred": 33, "total_true": 32, "correct": 0}, "P272": {"f1": 0, "precision": 0.0, "recall": 0.0, "total_pred": 12, "total_true": 36, "correct": 0}, "P3373": {"f1": 0.5081967213114753, "precision": 0.5636363636363636, "recall": 0.4626865671641791, "total_pred": 110, "total_true": 134, "correct": 62},