{"P179": {"f1": 0.6379310344827586, "precision": 0.6981132075471698, "recall": 0.5873015873015873, "total_pred": 53, "total_true": 63, "correct": 37}, "P1376": {"f1": 0.6153846153846153, "precision": 0.6666666666666666, "recall": 0.5714285714285714, "total_pred": 18, "total_true": 21, "correct": 12}, "P241": {"f1": 0.64, "precision": 0.5517241379310345, "recall": 0.7619047619047619, "total_pred": 58, "total_true": 42, "correct": 32}, "P35": {"f1": 0.5777777777777778, "precision": 0.6666666666666666, "recall": 0.5098039215686274, "total_pred": 39, "total_true": 51, "correct": 26}, "P403": {"f1": 0.3488372093023256, "precision": 0.3125, "recall": 0.39473684210526316, "total_pred": 48, "total_true": 38, "correct": 15}, "P112": {"f1": 0.5882352941176471, "precision": 0.625, "recall": 0.5555555555555556, "total_pred": 24, "total_true": 27, "correct": 15}}