{"P17": {"f1": 0.7044644372772025, "precision": 0.6781045751633987, "recall": 0.7329565524549629, "total_pred": 3060, "total_true": 2831, "correct": 2075}, "P159": {"f1": 0.4285714285714286, "precision": 0.5555555555555556, "recall": 0.3488372093023256, "total_pred": 54, "total_true": 86, "correct": 30}, "P127": {"f1": 0.23655913978494625, "precision": 0.6470588235294118, "recall": 0.14473684210526316, "total_pred": 17, "total_true": 76, "correct": 11}, "P131": {"f1": 0.5962577962577963, "precision": 0.6207792207792208, "recall": 0.5736, "total_pred": 1155, "total_true": 1250, "correct": 717}, "P150": {"f1": 0.6699186991869919, "precision": 0.673202614379085, "recall": 0.6666666666666666, "total_pred": 612, "total_true": 618, "correct": 412}, "P27": {"f1": 0.6424167694204684, "precision": 0.64004914004914, "recall": 0.6448019801980198, "total_pred": 814, "total_true": 808, "correct": 521}, "P749": {"f1": 0.18181818181818182, "precision": 1.0, "recall": 0.1, "total_pred": 4, "total_true": 40, "correct": 4}, "P571": {"f1": 0.6308724832214765, "precision": 0.6527777777777778, "recall": 0.6103896103896104, "total_pred": 144, "total_true": 154, "correct": 94}, "P355": {"f1": 0.11764705882352941, "precision": 0.5, "recall": 0.06666666666666667, "total_pred": 4, "total_true": 30, "correct": 2}, "P30": {"f1": 0.5333333333333334, "precision": 0.5378151260504201, "recall": 0.5289256198347108, "total_pred": 119, "total_true": 121, "correct": 64}, "P108": {"f1": 0.32608695652173914, "precision": 0.39473684210526316, "recall": 0.2777777777777778, "total_pred": 38, "total_true": 54, "correct": 15}, "P361": {"f1": 0.40816326530612246, "precision": 0.6, "recall": 0.30927835051546393, "total_pred": 100, "total_true": 194, "correct": 60}, "P527": {"f1": 0.4, "precision": 0.44755244755244755, "recall": 0.3615819209039548, "total_pred": 143, "total_true": 177, "correct": 64}, "P264": {"f1": 0.6488888888888888, "precision": 0.6854460093896714, "recall": 0.6160337552742616, "total_pred": 213, "total_true": 237, "correct": 146}, "P175": {"f1": 0.770392749244713, "precision": 0.7727272727272727, "recall": 0.7680722891566265, "total_pred": 330, "total_true": 332, "correct": 255}, "P577": {"f1": 0.7744360902255639, "precision": 0.7882653061224489, "recall": 0.7610837438423645, "total_pred": 392, "total_true": 406, "correct": 309}, "P19": {"f1": 0.8197879858657243, "precision": 0.8467153284671532, "recall": 0.7945205479452054, "total_pred": 137, "total_true": 146, "correct": 116}, "P69": {"f1": 0.7735849056603774, "precision": 0.6833333333333333, "recall": 0.8913043478260869, "total_pred": 120, "total_true": 92, "correct": 82}, "P569": {"f1": 0.9287749287749287, "precision": 0.9080779944289693, "recall": 0.9504373177842566, "total_pred": 359, "total_true": 343, "correct": 326}, "P570": {"f1": 0.8932038834951457, "precision": 0.8846153846153846, "recall": 0.9019607843137255, "total_pred": 260, "total_true": 255, "correct": 230}, "P495": {"f1": 0.29508196721311475, "precision": 0.4838709677419355, "recall": 0.21226415094339623, "total_pred": 93, "total_true": 212, "correct": 45}, "P176": {"f1": 0.48148148148148157, "precision": 0.9285714285714286, "recall": 0.325, "total_pred": 14, "total_true": 40, "correct": 13}, "P36": {"f1": 0.4651162790697674, "precision": 0.625, "recall": 0.37037037037037035, "total_pred": 16, "total_true": 27, "correct": 10}, "P172": {"f1": 0, "precision": 0.0, "recall": 0.0, "total_pred": 14, "total_true": 30, "correct": 0}, "P37": {"f1": 0.15151515151515152, "precision": 0.2631578947368421, "recall": 0.10638297872340426, "total_pred": 19, "total_true": 47, "correct": 5}, "P607": {"f1": 0.6017699115044247, "precision": 0.6071428571428571, "recall": 0.5964912280701754, "total_pred": 112, "total_true": 114, "correct": 68}, "P166": {"f1": 0.5, "precision": 0.6086956521739131, "recall": 0.42424242424242425, "total_pred": 46, "total_true": 66, "correct": 28}, "P137": {"f1": 0.18867924528301888, "precision": 0.4166666666666667, "recall": 0.12195121951219512, "total_pred": 12, "total_true": 41, "correct": 5}, "P580": {"f1": 0.2641509433962264, "precision": 0.3333333333333333, "recall": 0.21875, "total_pred": 21, "total_true": 32, "correct": 7}, "P582": {"f1": 0.08, "precision": 0.5, "recall": 0.043478260869565216, "total_pred": 2, "total_true": 23, "correct": 1}, "P585": {"f1": 0.5757575757575758, "precision": 0.7037037037037037, "recall": 0.48717948717948717, "total_pred": 27, "total_true": 39, "correct": 19}, "P162": {"f1": 0.10169491525423728, "precision": 0.3333333333333333, "recall": 0.06, "total_pred": 9, "total_true": 50, "correct": 3}, "P1001": {"f1": 0.5988023952095809, "precision": 0.5952380952380952, "recall": 0.6024096385542169, "total_pred": 84, "total_true": 83, "correct": 50}, "P194": {"f1": 0.6037735849056605, "precision": 0.64, "recall": 0.5714285714285714, "total_pred": 50, "total_true": 56, "correct": 32}, "P1336": {"f1": 0.13333333333333333, "precision": 0.2, "recall": 0.1, "total_pred": 5, "total_true": 10, "correct": 1}, "P102": {"f1": 0.7042253521126761, "precision": 0.6521739130434783, "recall": 0.7653061224489796, "total_pred": 115, "total_true": 98, "correct": 75}, "P20": {"f1": 0.7222222222222223, "precision": 0.6964285714285714, "recall": 0.75, "total_pred": 56, "total_true": 52, "correct": 39}, "P463": {"f1": 0.3781094527363184, "precision": 0.4318181818181818, "recall": 0.336283185840708, "total_pred": 88, "total_true": 113, "correct": 38}, "P576": {"f1": 0.11538461538461538, "precision": 0.23076923076923078, "recall": 0.07692307692307693, "total_pred": 13, "total_true": 39, "correct": 3}, "P206": {"f1": 0.36507936507936506, "precision": 0.5348837209302325, "recall": 0.27710843373493976, "total_pred": 43, "total_true": 83, "correct": 23}, "P39": {"f1": 0, "precision": 0, "recall": 0.0, "total_pred": 0, "total_true": 8, "correct": 0}, "P161": {"f1": 0.7242105263157894, "precision": 0.6907630522088354, "recall": 0.7610619469026548, "total_pred": 249, "total_true": 226, "correct": 172}, "P54": {"f1": 0.7396449704142012, "precision": 0.7267441860465116, "recall": 0.7530120481927711, "total_pred": 172, "total_true": 166, "correct": 125}, "P118": {"f1": 0.6140350877192983, "precision": 0.603448275862069, "recall": 0.625, "total_pred": 58, "total_true": 56, "correct": 35}, "P205": {"f1": 0.43076923076923074, "precision": 0.42424242424242425, "recall": 0.4375, "total_pred": 33, "total_true": 32, "correct": 14}, "P276": {"f1": 0.2765957446808511, "precision": 0.65, "recall": 0.17567567567567569, "total_pred": 20, "total_true": 74, "correct": 13}, "P551": {"f1": 0, "precision": 0.0, "recall": 0.0, "total_pred": 1, "total_true": 6, "correct": 0}, "P937": {"f1": 0.21428571428571427, "precision": 0.5, "recall": 0.13636363636363635, "total_pred": 6, "total_true": 22, "correct": 3}, "P26": {"f1": 0.47619047619047616, "precision": 0.5384615384615384, "recall": 0.4268292682926829, "total_pred": 65, "total_true": 82, "correct": 35}, "P22": {"f1": 0.46774193548387105, "precision": 0.4461538461538462, "recall": 0.4915254237288136, "total_pred": 65, "total_true": 59, "correct": 29}, "P40": {"f1": 0.49681528662420377, "precision": 0.5131578947368421, "recall": 0.48148148148148145, "total_pred": 76, "total_true": 81, "correct": 39}, "P86": {"f1": 0.1764705882352941, "precision": 0.5454545454545454, "recall": 0.10526315789473684, "total_pred": 11, "total_true": 57, "correct": 6}, "P449": {"f1": 0.6052631578947368, "precision": 0.6216216216216216, "recall": 0.5897435897435898, "total_pred": 37, "total_true": 39, "correct": 23}, "P1344": {"f1": 0.5954198473282442, "precision": 0.527027027027027, "recall": 0.6842105263157895, "total_pred": 74, "total_true": 57, "correct": 39}, "P57": {"f1": 0.7283236994219654, "precision": 0.7590361445783133, "recall": 0.7, "total_pred": 83, "total_true": 90, "correct": 63}, "P58": {"f1": 0.5483870967741936, "precision": 0.6296296296296297, "recall": 0.4857142857142857, "total_pred": 27, "total_true": 35, "correct": 17},