{"P17": {"f1": 0.7001603420630678, "precision": 0.6844305120167189, "recall": 0.7166301969365426, "total_pred": 2871, "total_true": 2742, "correct": 1965}, "P159": {"f1": 0.4563758389261745, "precision": 0.5396825396825397, "recall": 0.3953488372093023, "total_pred": 63, "total_true": 86, "correct": 34}, "P127": {"f1": 0.3090909090909091, "precision": 0.5, "recall": 0.2236842105263158, "total_pred": 34, "total_true": 76, "correct": 17}, "P131": {"f1": 0.5749792874896438, "precision": 0.588135593220339, "recall": 0.5623987034035657, "total_pred": 1180, "total_true": 1234, "correct": 694}, "P150": {"f1": 0.6734520780322306, "precision": 0.6880415944540728, "recall": 0.659468438538206, "total_pred": 577, "total_true": 602, "correct": 397}, "P27": {"f1": 0.6212218649517686, "precision": 0.62002567394095, "recall": 0.6224226804123711, "total_pred": 779, "total_true": 776, "correct": 483}, "P749": {"f1": 0, "precision": 0.0, "recall": 0.0, "total_pred": 13, "total_true": 40, "correct": 0}, "P571": {"f1": 0.624561403508772, "precision": 0.6691729323308271, "recall": 0.5855263157894737, "total_pred": 133, "total_true": 152, "correct": 89}, "P355": {"f1": 0, "precision": 0.0, "recall": 0.0, "total_pred": 13, "total_true": 29, "correct": 0}, "P30": {"f1": 0.4864864864864864, "precision": 0.46956521739130436, "recall": 0.5046728971962616, "total_pred": 115, "total_true": 107, "correct": 54}, "P108": {"f1": 0.3953488372093023, "precision": 0.4857142857142857, "recall": 0.3333333333333333, "total_pred": 35, "total_true": 51, "correct": 17}, "P361": {"f1": 0.4128113879003559, "precision": 0.5370370370370371, "recall": 0.3352601156069364, "total_pred": 108, "total_true": 173, "correct": 58}, "P527": {"f1": 0.36486486486486486, "precision": 0.4462809917355372, "recall": 0.30857142857142855, "total_pred": 121, "total_true": 175, "correct": 54}, "P264": {"f1": 0.6409090909090909, "precision": 0.6945812807881774, "recall": 0.5949367088607594, "total_pred": 203, "total_true": 237, "correct": 141}, "P175": {"f1": 0.7541478129713423, "precision": 0.7552870090634441, "recall": 0.7530120481927711, "total_pred": 331, "total_true": 332, "correct": 250}, "P577": {"f1": 0.7773766546329725, "precision": 0.76, "recall": 0.7955665024630542, "total_pred": 425, "total_true": 406, "correct": 323}, "P19": {"f1": 0.798507462686567, "precision": 0.823076923076923, "recall": 0.7753623188405797, "total_pred": 130, "total_true": 138, "correct": 107}, "P69": {"f1": 0.758974358974359, "precision": 0.6915887850467289, "recall": 0.8409090909090909, "total_pred": 107, "total_true": 88, "correct": 74}, "P569": {"f1": 0.931297709923664, "precision": 0.9077380952380952, "recall": 0.9561128526645768, "total_pred": 336, "total_true": 319, "correct": 305}, "P570": {"f1": 0.8671023965141612, "precision": 0.8577586206896551, "recall": 0.8766519823788547, "total_pred": 232, "total_true": 227, "correct": 199}, "P495": {"f1": 0.33021806853582547, "precision": 0.4690265486725664, "recall": 0.2548076923076923, "total_pred": 113, "total_true": 208, "correct": 53}, "P176": {"f1": 0, "precision": 0.0, "recall": 0.0, "total_pred": 8, "total_true": 40, "correct": 0}, "P179": {"f1": 0.5094339622641509, "precision": 0.627906976744186, "recall": 0.42857142857142855, "total_pred": 43, "total_true": 63, "correct": 27}, "P36": {"f1": 0, "precision": 0.0, "recall": 0.0, "total_pred": 11, "total_true": 27, "correct": 0}, "P172": {"f1": 0, "precision": 0.0, "recall": 0.0, "total_pred": 36, "total_true": 29, "correct": 0}, "P1376": {"f1": 0, "precision": 0.0, "recall": 0.0, "total_pred": 16, "total_true": 21, "correct": 0}, "P37": {"f1": 0.1492537313432836, "precision": 0.25, "recall": 0.10638297872340426, "total_pred": 20, "total_true": 47, "correct": 5}, "P162": {"f1": 0.28985507246376807, "precision": 0.5263157894736842, "recall": 0.2, "total_pred": 19, "total_true": 50, "correct": 10}, "P1001": {"f1": 0.6097560975609756, "precision": 0.5952380952380952, "recall": 0.625, "total_pred": 84, "total_true": 80, "correct": 50}, "P194": {"f1": 0.6601941747572816, "precision": 0.723404255319149, "recall": 0.6071428571428571, "total_pred": 47, "total_true": 56, "correct": 34}, "P607": {"f1": 0.42696629213483145, "precision": 0.4634146341463415, "recall": 0.3958333333333333, "total_pred": 41, "total_true": 48, "correct": 19}, "P1336": {"f1": 0, "precision": 0.0, "recall": 0.0, "total_pred": 4, "total_true": 10, "correct": 0}, "P102": {"f1": 0.7149758454106279, "precision": 0.6607142857142857, "recall": 0.7789473684210526, "total_pred": 112, "total_true": 95, "correct": 74}, "P20": {"f1": 0.7102803738317756, "precision": 0.6666666666666666, "recall": 0.76, "total_pred": 57, "total_true": 50, "correct": 38}, "P463": {"f1": 0.33507853403141363, "precision": 0.41025641025641024, "recall": 0.2831858407079646, "total_pred": 78, "total_true": 113, "correct": 32}, "P576": {"f1": 0, "precision": 0.0, "recall": 0.0, "total_pred": 4, "total_true": 39, "correct": 0}, "P206": {"f1": 0.3538461538461538, "precision": 0.48936170212765956, "recall": 0.27710843373493976, "total_pred": 47, "total_true": 83, "correct": 23}, "P39": {"f1": 0, "precision": 0, "recall": 0.0, "total_pred": 0, "total_true": 8, "correct": 0}, "P161": {"f1": 0.7352297592997812, "precision": 0.7272727272727273, "recall": 0.7433628318584071, "total_pred": 231, "total_true": 226, "correct": 168}, "P54": {"f1": 0.718562874251497, "precision": 0.7142857142857143, "recall": 0.7228915662650602, "total_pred": 168, "total_true": 166, "correct": 120}, "P118": {"f1": 0.5454545454545454, "precision": 0.5555555555555556, "recall": 0.5357142857142857, "total_pred": 54, "total_true": 56, "correct": 30}, "P205": {"f1": 0, "precision": 0.0, "recall": 0.0, "total_pred": 1, "total_true": 32, "correct": 0}, "P276": {"f1": 0.27906976744186046, "precision": 0.5714285714285714, "recall": 0.18461538461538463, "total_pred": 21, "total_true": 65, "correct": 12}, "P551": {"f1": 0, "precision": 0.0, "recall": 0.0, "total_pred": 3, "total_true": 4, "correct": 0}, "P937": {"f1": 0, "precision": 0.0, "recall": 0.0, "total_pred": 16, "total_true": 22, "correct": 0}, "P26": {"f1": 0.44594594594594594, "precision": 0.5, "recall": 0.4024390243902439, "total_pred": 66, "total_true": 82, "correct": 33}, "P22": {"f1": 0.4566929133858268, "precision": 0.4142857142857143, "recall": 0.5087719298245614, "total_pred": 70, "total_true": 57, "correct": 29}, "P40": {"f1": 0.4458598726114649, "precision": 0.44871794871794873, "recall": 0.4430379746835443, "total_pred": 78, "total_true": 79, "correct": 35}, "P86": {"f1": 0, "precision": 0.0, "recall": 0.0, "total_pred": 23, "total_true": 57, "correct": 0}, "P580": {"f1": 0, "precision": 0.0, "recall": 0.0, "total_pred": 12, "total_true": 29, "correct": 0}, "P582": {"f1": 0, "precision": 0.0, "recall": 0.0, "total_pred": 6, "total_true": 20, "correct": 0}, "P449": {"f1": 0.6052631578947368, "precision": 0.6216216216216216, "recall": 0.5897435897435898, "total_pred": 37, "total_true": 39, "correct": 23}, "P1344": {"f1": 0.6055045871559633, "precision": 0.6, "recall": 0.6111111111111112, "total_pred": 55, "total_true": 54, "correct": 33}, "P57": {"f1": 0.757396449704142, "precision": 0.810126582278481, "recall": 0.7111111111111111, "total_pred": 79, "total_true": 90, "correct": 64}, "P58": {"f1": 0.5, "precision": 0.5517241379310345, "recall": 0.45714285714285713, "total_pred": 29, "total_true": 35, "correct": 16}, "P156": {"f1": 0.18666666666666665, "precision": 0.2692307692307692, "recall": 0.14285714285714285, "total_pred": 26, "total_true": 49, "correct": 7}, "P171": {"f1": 0, "precision": 0.0, "recall": 0.0, "total_pred": 14, "total_true": 17, "correct": 0}, "P137": {"f1": 0, "precision": 0.0, "recall": 0.0, "total_pred": 35, "total_true": 32, "correct": 0}, "P272": {"f1": 0, "precision": 0.0, "recall": 0.0, "total_pred": 12, "total_true": 36, "correct": 0}, "P3373": {"f1": 0.5931558935361217, "precision": 0.6046511627906976, "recall": 0.582089552238806,