{
    "P241": {
        "f1": 0.674698795180723,
        "precision": 0.6829268292682927,
        "recall": 0.6666666666666666,
        "total_pred": 41,
        "total_true": 42,
        "correct": 28
    }
}