{
    "P17": {
        "f1": 0.6950254877834416,
        "precision": 0.6917424772568229,
        "recall": 0.6983398092546803,
        "total_pred": 2858,
        "total_true": 2831,
        "correct": 1977
    },
    "P159": {
        "f1": 0.4305555555555555,
        "precision": 0.5344827586206896,
        "recall": 0.36046511627906974,
        "total_pred": 58,
        "total_true": 86,
        "correct": 31
    },
    "P127": {
        "f1": 0.23913043478260868,
        "precision": 0.6875,
        "recall": 0.14473684210526316,
        "total_pred": 16,
        "total_true": 76,
        "correct": 11
    },
    "P131": {
        "f1": 0.5783234546994074,
        "precision": 0.6142086330935251,
        "recall": 0.5464,
        "total_pred": 1112,
        "total_true": 1250,
        "correct": 683
    },
    "P150": {
        "f1": 0.669498725573492,
        "precision": 0.7048300536672629,
        "recall": 0.6375404530744336,
        "total_pred": 559,
        "total_true": 618,
        "correct": 394
    },
    "P27": {
        "f1": 0.6172218730358265,
        "precision": 0.6270753512132823,
        "recall": 0.6076732673267327,
        "total_pred": 783,
        "total_true": 808,
        "correct": 491
    },
    "P749": {
        "f1": 0.29166666666666663,
        "precision": 0.875,
        "recall": 0.175,
        "total_pred": 8,
        "total_true": 40,
        "correct": 7
    },
    "P571": {
        "f1": 0.6526315789473685,
        "precision": 0.7099236641221374,
        "recall": 0.6038961038961039,
        "total_pred": 131,
        "total_true": 154,
        "correct": 93
    },
    "P355": {
        "f1": 0.1142857142857143,
        "precision": 0.4,
        "recall": 0.06666666666666667,
        "total_pred": 5,
        "total_true": 30,
        "correct": 2
    },
    "P30": {
        "f1": 0.48068669527896996,
        "precision": 0.5,
        "recall": 0.4628099173553719,
        "total_pred": 112,
        "total_true": 121,
        "correct": 56
    },
    "P108": {
        "f1": 0.36585365853658536,
        "precision": 0.5357142857142857,
        "recall": 0.2777777777777778,
        "total_pred": 28,
        "total_true": 54,
        "correct": 15
    },
    "P361": {
        "f1": 0.4066666666666666,
        "precision": 0.5754716981132075,
        "recall": 0.31443298969072164,
        "total_pred": 106,
        "total_true": 194,
        "correct": 61
    },
    "P527": {
        "f1": 0.3680555555555556,
        "precision": 0.4774774774774775,
        "recall": 0.2994350282485876,
        "total_pred": 111,
        "total_true": 177,
        "correct": 53
    },
    "P264": {
        "f1": 0.6463700234192037,
        "precision": 0.7263157894736842,
        "recall": 0.5822784810126582,
        "total_pred": 190,
        "total_true": 237,
        "correct": 138
    },
    "P175": {
        "f1": 0.734375,
        "precision": 0.762987012987013,
        "recall": 0.7078313253012049,
        "total_pred": 308,
        "total_true": 332,
        "correct": 235
    },
    "P577": {
        "f1": 0.7842170160295932,
        "precision": 0.7851851851851852,
        "recall": 0.7832512315270936,
        "total_pred": 405,
        "total_true": 406,
        "correct": 318
    },
    "P19": {
        "f1": 0.8127208480565371,
        "precision": 0.8394160583941606,
        "recall": 0.7876712328767124,
        "total_pred": 137,
        "total_true": 146,
        "correct": 115
    },
    "P69": {
        "f1": 0.7254901960784315,
        "precision": 0.6607142857142857,
        "recall": 0.8043478260869565,
        "total_pred": 112,
        "total_true": 92,
        "correct": 74
    },
    "P569": {
        "f1": 0.9243937232524966,
        "precision": 0.9050279329608939,
        "recall": 0.9446064139941691,
        "total_pred": 358,
        "total_true": 343,
        "correct": 324
    },
    "P570": {
        "f1": 0.8837209302325582,
        "precision": 0.8735632183908046,
        "recall": 0.8941176470588236,
        "total_pred": 261,
        "total_true": 255,
        "correct": 228
    },
    "P495": {
        "f1": 0.3473053892215569,
        "precision": 0.47540983606557374,
        "recall": 0.27358490566037735,
        "total_pred": 122,
        "total_true": 212,
        "correct": 58
    },
    "P176": {
        "f1": 0.48275862068965514,
        "precision": 0.7777777777777778,
        "recall": 0.35,
        "total_pred": 18,
        "total_true": 40,
        "correct": 14
    },
    "P179": {
        "f1": 0.537037037037037,
        "precision": 0.6444444444444445,
        "recall": 0.4603174603174603,
        "total_pred": 45,
        "total_true": 63,
        "correct": 29
    },
    "P36": {
        "f1": 0.5333333333333333,
        "precision": 0.6666666666666666,
        "recall": 0.4444444444444444,
        "total_pred": 18,
        "total_true": 27,
        "correct": 12
    },
    "P172": {
        "f1": 0.046511627906976744,
        "precision": 0.07692307692307693,
        "recall": 0.03333333333333333,
        "total_pred": 13,
        "total_true": 30,
        "correct": 1
    },
    "P1376": {
        "f1": 0.4736842105263158,
        "precision": 0.5294117647058824,
        "recall": 0.42857142857142855,
        "total_pred": 17,
        "total_true": 21,
        "correct": 9
    },
    "P37": {
        "f1": 0.12698412698412698,
        "precision": 0.25,
        "recall": 0.0851063829787234,
        "total_pred": 16,
        "total_true": 47,
        "correct": 4
    },
    "P241": {
        "f1": 0.6153846153846153,
        "precision": 0.5714285714285714,
        "recall": 0.6666666666666666,
        "total_pred": 49,
        "total_true": 42,
        "correct": 28
    },
    "P607": {
        "f1": 0.6216216216216216,
        "precision": 0.6388888888888888,
        "recall": 0.6052631578947368,
        "total_pred": 108,
        "total_true": 114,
        "correct": 69
    },
    "P166": {
        "f1": 0.37254901960784315,
        "precision": 0.5277777777777778,
        "recall": 0.2878787878787879,
        "total_pred": 36,
        "total_true": 66,
        "correct": 19
    },
    "P137": {
        "f1": 0.23728813559322035,
        "precision": 0.3888888888888889,
        "recall": 0.17073170731707318,
        "total_pred": 18,
        "total_true": 41,
        "correct": 7
    },
    "P580": {
        "f1": 0.32,
        "precision": 0.4444444444444444,
        "recall": 0.25,
        "total_pred": 18,
        "total_true": 32,
        "correct": 8
    },
    "P582": {
        "f1": 0.16,
        "precision": 1.0,
        "recall": 0.08695652173913043,
        "total_pred": 2,
        "total_true": 23,
        "correct": 2
    },
    "P585": {
        "f1": 0.4225352112676056,
        "precision": 0.46875,
        "recall": 0.38461538461538464,
        "total_pred": 32,
        "total_true": 39,
        "correct": 15
    },
    "P162": {
        "f1": 0.15873015873015872,
        "precision": 0.38461538461538464,
        "recall": 0.1,
        "total_pred": 13,
        "total_true": 50,
        "correct": 5
    },
    "P1001": {
        "f1": 0.593939393939394,
        "precision": 0.5975609756097561,
        "recall": 0.5903614457831325,
        "total_pred": 82,
        "total_true": 83,
        "correct": 49
    },
    "P194": {
        "f1": 0.6407766990291263,
        "precision": 0.7021276595744681,
        "recall": 0.5892857142857143,
        "total_pred": 47,
        "total_true": 56,
        "correct": 33
    },
    "P1336": {
        "f1": 0.13333333333333333,
        "precision": 0.2,
        "recall": 0.1,
        "total_pred": 5,
        "total_true": 10,
        "correct": 1
    },
    "P102": {
        "f1": 0.69,
        "precision": 0.6764705882352942,
        "recall": 0.7040816326530612,
        "total_pred": 102,
        "total_true": 98,
        "correct": 69
    },
    "P20": {
        "f1": 0.7407407407407408,