{
    "P17": {
        "f1": 0.6845188284518828,
        "precision": 0.6710418375717802,
        "recall": 0.6985482493595218,
        "total_pred": 2438,
        "total_true": 2342,
        "correct": 1636
    },
    "P159": {
        "f1": 0.39436619718309857,
        "precision": 0.4444444444444444,
        "recall": 0.35443037974683544,
        "total_pred": 63,
        "total_true": 79,
        "correct": 28
    },
    "P127": {
        "f1": 0.26530612244897955,
        "precision": 0.5,
        "recall": 0.18055555555555555,
        "total_pred": 26,
        "total_true": 72,
        "correct": 13
    },
    "P131": {
        "f1": 0.5824493731918997,
        "precision": 0.5939036381514258,
        "recall": 0.5714285714285714,
        "total_pred": 1017,
        "total_true": 1057,
        "correct": 604
    },
    "P150": {
        "f1": 0.6673209028459275,
        "precision": 0.6746031746031746,
        "recall": 0.6601941747572816,
        "total_pred": 504,
        "total_true": 515,
        "correct": 340
    },
    "P27": {
        "f1": 0.5977382875605817,
        "precision": 0.6412478336221837,
        "recall": 0.5597579425113465,
        "total_pred": 577,
        "total_true": 661,
        "correct": 370
    },
    "P749": {
        "f1": 0.1951219512195122,
        "precision": 1.0,
        "recall": 0.10810810810810811,
        "total_pred": 4,
        "total_true": 37,
        "correct": 4
    },
    "P571": {
        "f1": 0.6454545454545455,
        "precision": 0.7319587628865979,
        "recall": 0.5772357723577236,
        "total_pred": 97,
        "total_true": 123,
        "correct": 71
    },
    "P355": {
        "f1": 0.25806451612903225,
        "precision": 1.0,
        "recall": 0.14814814814814814,
        "total_pred": 4,
        "total_true": 27,
        "correct": 4
    },
    "P30": {
        "f1": 0.5052631578947369,
        "precision": 0.5217391304347826,
        "recall": 0.4897959183673469,
        "total_pred": 92,
        "total_true": 98,
        "correct": 48
    },
    "P108": {
        "f1": 0.4507042253521127,
        "precision": 0.6666666666666666,
        "recall": 0.3404255319148936,
        "total_pred": 24,
        "total_true": 47,
        "correct": 16
    },
    "P361": {
        "f1": 0.3798449612403101,
        "precision": 0.5268817204301075,
        "recall": 0.296969696969697,
        "total_pred": 93,
        "total_true": 165,
        "correct": 49
    },
    "P527": {
        "f1": 0.421455938697318,
        "precision": 0.5,
        "recall": 0.36423841059602646,
        "total_pred": 110,
        "total_true": 151,
        "correct": 55
    },
    "P264": {
        "f1": 0.6836734693877551,
        "precision": 0.7165775401069518,
        "recall": 0.6536585365853659,
        "total_pred": 187,
        "total_true": 205,
        "correct": 134
    },
    "P175": {
        "f1": 0.7553516819571866,
        "precision": 0.7484848484848485,
        "recall": 0.7623456790123457,
        "total_pred": 330,
        "total_true": 324,
        "correct": 247
    },
    "P577": {
        "f1": 0.7694334650856389,
        "precision": 0.7584415584415585,
        "recall": 0.7807486631016043,
        "total_pred": 385,
        "total_true": 374,
        "correct": 292
    },
    "P19": {
        "f1": 0.8199233716475096,
        "precision": 0.84251968503937,
        "recall": 0.7985074626865671,
        "total_pred": 127,
        "total_true": 134,
        "correct": 107
    },
    "P69": {
        "f1": 0.7513227513227513,
        "precision": 0.696078431372549,
        "recall": 0.8160919540229885,
        "total_pred": 102,
        "total_true": 87,
        "correct": 71
    },
    "P569": {
        "f1": 0.9293924466338258,
        "precision": 0.909967845659164,
        "recall": 0.9496644295302014,
        "total_pred": 311,
        "total_true": 298,
        "correct": 283
    },
    "P570": {
        "f1": 0.8639618138424822,
        "precision": 0.8537735849056604,
        "recall": 0.8743961352657005,
        "total_pred": 212,
        "total_true": 207,
        "correct": 181
    },
    "P495": {
        "f1": 0.26778242677824265,
        "precision": 0.463768115942029,
        "recall": 0.18823529411764706,
        "total_pred": 69,
        "total_true": 170,
        "correct": 32
    },
    "P162": {
        "f1": 0.1904761904761905,
        "precision": 0.35294117647058826,
        "recall": 0.13043478260869565,
        "total_pred": 17,
        "total_true": 46,
        "correct": 6
    },
    "P1001": {
        "f1": 0.5072463768115941,
        "precision": 0.5223880597014925,
        "recall": 0.49295774647887325,
        "total_pred": 67,
        "total_true": 71,
        "correct": 35
    },
    "P194": {
        "f1": 0.5897435897435898,
        "precision": 0.696969696969697,
        "recall": 0.5111111111111111,
        "total_pred": 33,
        "total_true": 45,
        "correct": 23
    },
    "P172": {
        "f1": 0.1290322580645161,
        "precision": 0.2222222222222222,
        "recall": 0.09090909090909091,
        "total_pred": 9,
        "total_true": 22,
        "correct": 2
    },
    "P1336": {
        "f1": 0.13333333333333333,
        "precision": 0.2,
        "recall": 0.1,
        "total_pred": 5,
        "total_true": 10,
        "correct": 1
    },
    "P102": {
        "f1": 0.6888888888888889,
        "precision": 0.6078431372549019,
        "recall": 0.7948717948717948,
        "total_pred": 102,
        "total_true": 78,
        "correct": 62
    },
    "P20": {
        "f1": 0.7058823529411765,
        "precision": 0.6545454545454545,
        "recall": 0.7659574468085106,
        "total_pred": 55,
        "total_true": 47,
        "correct": 36
    },
    "P463": {
        "f1": 0.3246753246753247,
        "precision": 0.4166666666666667,
        "recall": 0.26595744680851063,
        "total_pred": 60,
        "total_true": 94,
        "correct": 25
    },
    "P576": {
        "f1": 0.0975609756097561,
        "precision": 0.15384615384615385,
        "recall": 0.07142857142857142,
        "total_pred": 13,
        "total_true": 28,
        "correct": 2
    },
    "P206": {
        "f1": 0.37837837837837845,
        "precision": 0.5526315789473685,
        "recall": 0.2876712328767123,
        "total_pred": 38,
        "total_true": 73,
        "correct": 21
    },
    "P39": {
        "f1": 0,
        "precision": 0.0,
        "recall": 0.0,
        "total_pred": 1,
        "total_true": 5,
        "correct": 0
    },
    "P161": {
        "f1": 0.7425968109339408,
        "precision": 0.740909090909091,
        "recall": 0.7442922374429224,
        "total_pred": 220,
        "total_true": 219,
        "correct": 163
    },
    "P54": {
        "f1": 0.7420289855072465,
        "precision": 0.7150837988826816,
        "recall": 0.7710843373493976,
        "total_pred": 179,
        "total_true": 166,
        "correct": 128
    },
    "P118": {
        "f1": 0.5294117647058824,
        "precision": 0.5869565217391305,
        "recall": 0.48214285714285715,
        "total_pred": 46,
        "total_true": 56,
        "correct": 27
    },
    "P205": {
        "f1": 0.4482758620689655,
        "precision": 0.4642857142857143,
        "recall": 0.43333333333333335,
        "total_pred": 28,
        "total_true": 30,
        "correct": 13
    },
    "P37": {
        "f1": 0.07142857142857142,
        "precision": 0.13333333333333333,
        "recall": 0.04878048780487805,
        "total_pred": 15,
        "total_true": 41,
        "correct": 2
    },
    "P276": {
        "f1": 0.325,
        "precision": 0.65,
        "recall": 0.21666666666666667,
        "total_pred": 20,
        "total_true": 60,
        "correct": 13
    },
    "P551": {
        "f1": 0,
        "precision": 0.0,
        "recall": 0.0,
        "total_pred": 1,
        "total_true": 4,
        "correct": 0
    },
    "P937": {
        "f1": 0.09090909090909091,