{
    "P17": {
        "f1": 0.7026394921483461,
        "precision": 0.6665610142630745,
        "recall": 0.7428470505121865,
        "total_pred": 3155,
        "total_true": 2831,
        "correct": 2103
    },
    "P159": {
        "f1": 0.4203821656050955,
        "precision": 0.4647887323943662,
        "recall": 0.38372093023255816,
        "total_pred": 71,
        "total_true": 86,
        "correct": 33
    },
    "P127": {
        "f1": 0.2962962962962963,
        "precision": 0.5,
        "recall": 0.21052631578947367,
        "total_pred": 32,
        "total_true": 76,
        "correct": 16
    },
    "P131": {
        "f1": 0.600557546794106,
        "precision": 0.5979381443298969,
        "recall": 0.6032,
        "total_pred": 1261,
        "total_true": 1250,
        "correct": 754
    },
    "P150": {
        "f1": 0.673616680032077,
        "precision": 0.6677265500794912,
        "recall": 0.6796116504854369,
        "total_pred": 629,
        "total_true": 618,
        "correct": 420
    },
    "P27": {
        "f1": 0.6265206812652068,
        "precision": 0.6160287081339713,
        "recall": 0.6373762376237624,
        "total_pred": 836,
        "total_true": 808,
        "correct": 515
    },
    "P749": {
        "f1": 0.2608695652173913,
        "precision": 1.0,
        "recall": 0.15,
        "total_pred": 6,
        "total_true": 40,
        "correct": 6
    },
    "P571": {
        "f1": 0.6301369863013698,
        "precision": 0.6666666666666666,
        "recall": 0.5974025974025974,
        "total_pred": 138,
        "total_true": 154,
        "correct": 92
    },
    "P355": {
        "f1": 0.2777777777777778,
        "precision": 0.8333333333333334,
        "recall": 0.16666666666666666,
        "total_pred": 6,
        "total_true": 30,
        "correct": 5
    },
    "P30": {
        "f1": 0.5525291828793776,
        "precision": 0.5220588235294118,
        "recall": 0.5867768595041323,
        "total_pred": 136,
        "total_true": 121,
        "correct": 71
    },
    "P108": {
        "f1": 0.3953488372093023,
        "precision": 0.53125,
        "recall": 0.3148148148148148,
        "total_pred": 32,
        "total_true": 54,
        "correct": 17
    },
    "P361": {
        "f1": 0.41055718475073316,
        "precision": 0.47619047619047616,
        "recall": 0.36082474226804123,
        "total_pred": 147,
        "total_true": 194,
        "correct": 70
    },
    "P527": {
        "f1": 0.4024390243902439,
        "precision": 0.4370860927152318,
        "recall": 0.3728813559322034,
        "total_pred": 151,
        "total_true": 177,
        "correct": 66
    },
    "P264": {
        "f1": 0.6666666666666666,
        "precision": 0.6625,
        "recall": 0.6708860759493671,
        "total_pred": 240,
        "total_true": 237,
        "correct": 159
    },
    "P175": {
        "f1": 0.7614942528735632,
        "precision": 0.728021978021978,
        "recall": 0.7981927710843374,
        "total_pred": 364,
        "total_true": 332,
        "correct": 265
    },
    "P577": {
        "f1": 0.7860576923076923,
        "precision": 0.7676056338028169,
        "recall": 0.8054187192118226,
        "total_pred": 426,
        "total_true": 406,
        "correct": 327
    },
    "P19": {
        "f1": 0.8275862068965517,
        "precision": 0.8333333333333334,
        "recall": 0.821917808219178,
        "total_pred": 144,
        "total_true": 146,
        "correct": 120
    },
    "P69": {
        "f1": 0.7363636363636362,
        "precision": 0.6328125,
        "recall": 0.8804347826086957,
        "total_pred": 128,
        "total_true": 92,
        "correct": 81
    },
    "P569": {
        "f1": 0.9293785310734463,
        "precision": 0.9013698630136986,
        "recall": 0.9591836734693877,
        "total_pred": 365,
        "total_true": 343,
        "correct": 329
    },
    "P570": {
        "f1": 0.8780487804878049,
        "precision": 0.841726618705036,
        "recall": 0.9176470588235294,
        "total_pred": 278,
        "total_true": 255,
        "correct": 234
    },
    "P495": {
        "f1": 0.27609427609427606,
        "precision": 0.4823529411764706,
        "recall": 0.19339622641509435,
        "total_pred": 85,
        "total_true": 212,
        "correct": 41
    },
    "P176": {
        "f1": 0.53125,
        "precision": 0.7083333333333334,
        "recall": 0.425,
        "total_pred": 24,
        "total_true": 40,
        "correct": 17
    },
    "P179": {
        "f1": 0.47953216374269003,
        "precision": 0.37962962962962965,
        "recall": 0.6507936507936508,
        "total_pred": 108,
        "total_true": 63,
        "correct": 41
    },
    "P36": {
        "f1": 0.19999999999999998,
        "precision": 1.0,
        "recall": 0.1111111111111111,
        "total_pred": 3,
        "total_true": 27,
        "correct": 3
    },
    "P172": {
        "f1": 0.0851063829787234,
        "precision": 0.11764705882352941,
        "recall": 0.06666666666666667,
        "total_pred": 17,
        "total_true": 30,
        "correct": 2
    },
    "P1376": {
        "f1": 0.0923076923076923,
        "precision": 0.05172413793103448,
        "recall": 0.42857142857142855,
        "total_pred": 174,
        "total_true": 21,
        "correct": 9
    },
    "P37": {
        "f1": 0.08695652173913043,
        "precision": 0.13636363636363635,
        "recall": 0.06382978723404255,
        "total_pred": 22,
        "total_true": 47,
        "correct": 3
    },
    "P241": {
        "f1": 0.46616541353383456,
        "precision": 0.34065934065934067,
        "recall": 0.7380952380952381,
        "total_pred": 91,
        "total_true": 42,
        "correct": 31
    },
    "P607": {
        "f1": 0.5429864253393665,
        "precision": 0.5607476635514018,
        "recall": 0.5263157894736842,
        "total_pred": 107,
        "total_true": 114,
        "correct": 60
    },
    "P166": {
        "f1": 0.44827586206896547,
        "precision": 0.52,
        "recall": 0.3939393939393939,
        "total_pred": 50,
        "total_true": 66,
        "correct": 26
    },
    "P137": {
        "f1": 0.27692307692307694,
        "precision": 0.375,
        "recall": 0.21951219512195122,
        "total_pred": 24,
        "total_true": 41,
        "correct": 9
    },
    "P580": {
        "f1": 0.3157894736842105,
        "precision": 0.36,
        "recall": 0.28125,
        "total_pred": 25,
        "total_true": 32,
        "correct": 9
    },
    "P582": {
        "f1": 0.15384615384615383,
        "precision": 0.6666666666666666,
        "recall": 0.08695652173913043,
        "total_pred": 3,
        "total_true": 23,
        "correct": 2
    },
    "P585": {
        "f1": 0.5348837209302325,
        "precision": 0.48936170212765956,
        "recall": 0.5897435897435898,
        "total_pred": 47,
        "total_true": 39,
        "correct": 23
    },
    "P162": {
        "f1": 0.10169491525423728,
        "precision": 0.3333333333333333,
        "recall": 0.06,
        "total_pred": 9,
        "total_true": 50,
        "correct": 3
    },
    "P1001": {
        "f1": 0.5517241379310345,
        "precision": 0.5274725274725275,
        "recall": 0.5783132530120482,
        "total_pred": 91,
        "total_true": 83,
        "correct": 48
    },
    "P194": {
        "f1": 0.6262626262626263,
        "precision": 0.7209302325581395,
        "recall": 0.5535714285714286,
        "total_pred": 43,
        "total_true": 56,
        "correct": 31
    },
    "P1336": {
        "f1": 0.125,
        "precision": 0.16666666666666666,
        "recall": 0.1,
        "total_pred": 6,
        "total_true": 10,
        "correct": 1
    },
    "P102": {
        "f1": 0.6968325791855203,
        "precision": 0.6260162601626016,
        "recall": 0.7857142857142857,
        "total_pred": 123,
        "total_true": 98,
        "correct": 77
    },
    "P20": {
        "f1": 0.6837606837606838,