{
    "P179": {
        "f1": 0.6229508196721311,
        "precision": 0.6440677966101694,
        "recall": 0.6031746031746031,
        "total_pred": 59,
        "total_true": 63,
        "correct": 38
    },
    "P1376": {
        "f1": 0.2777777777777778,
        "precision": 0.3333333333333333,
        "recall": 0.23809523809523808,
        "total_pred": 15,
        "total_true": 21,
        "correct": 5
    },
    "P241": {
        "f1": 0.6170212765957447,
        "precision": 0.5576923076923077,
        "recall": 0.6904761904761905,
        "total_pred": 52,
        "total_true": 42,
        "correct": 29
    },
    "P35": {
        "f1": 0.5684210526315789,
        "precision": 0.6136363636363636,
        "recall": 0.5294117647058824,
        "total_pred": 44,
        "total_true": 51,
        "correct": 27
    },
    "P403": {
        "f1": 0.4556962025316456,
        "precision": 0.43902439024390244,
        "recall": 0.47368421052631576,
        "total_pred": 41,
        "total_true": 38,
        "correct": 18
    },
    "P112": {
        "f1": 0.46808510638297873,
        "precision": 0.55,
        "recall": 0.4074074074074074,
        "total_pred": 20,
        "total_true": 27,
        "correct": 11
    }
}